WKT,APGRECNO,REF,ORGURI,SITEREF,SITENAME,SITEPLAN,GEOY,GEOX,HECTARES,OWNERSHIP,PLANSTATUS,PERMISSION,PERMDATE,HISTORY,DELIVERABL,NETDWLFROM,NETDWLTO,HAZARDSUBS,NOTES,FIRSTADDED,LASTUPDATE,ENDDATE,OTHERREFS
"MULTIPOLYGON (((572006.19 114816.07,572009.29 114818.74,572012.26 114821.46,572021.92 114830.7,572034.79 114843.26,572039.28 114847.6,572042.29 114850.54,572048.08 114855.65,572052.1 114859.82,572054.57 114861.87,572056.2 114863.22,572058.4 114865.22,572061.2 114868.42,572067.05 114874.41,572069.4 114876.82,572072.1 114879.22,572074.65 114881.31,572076.6 114882.92,572082.3 114887.22,572088.1 114891.32,572095.6 114896.42,572097.0 114897.52,572098.9 114899.52,572100.17 114901.49,572101.03 114902.95,572102.62 114906.28,572103.56 114905.21,572104.16 114904.51,572104.96 114904.11,572105.66 114903.91,572106.26 114904.11,572106.76 114904.51,572107.36 114905.11,572111.16 114891.08,572115.9 114882.29,572119.59 114875.46,572128.31 114859.65,572133.55 114845.73,572137.68 114837.21,572140.42 114831.57,572145.55 114819.16,572151.93 114804.88,572157.83 114792.43,572164.66 114779.23,572181.18 114741.59,572153.39 114752.67,572148.99 114754.39,572105.87 114771.55,572101.5 114773.29,572077.31 114782.91,572048.88 114794.08,572033.492 114797.964,572031.13 114798.56,572026.25 114799.9,572019.45 114801.76,572007.45 114810.27,572006.19 114816.07)))","2",RDCBLR0037,http://opendatacommunities.org/id/district-council/rother,RDCBLR0037,"The Warren Yard, Catsfield",https://www.rother.gov.uk/wp-content/uploads/2020/12/brownfieldlandregister_siteplans_2020.pdf,50.907322,0.446409,1.21,not owned by a public authority,permissioned,full planning permission,05/06/2019,http://planweb01.rother.gov.uk/OcellaWeb/planningDetails?reference=RR/2018/1309/P&from=planningSearch|http://planweb01.rother.gov.uk/OcellaWeb/planningDetails?reference=RR/2016/184/P&from=planningSearch|http://planweb01.rother.gov.uk/OcellaWeb/planningDet,,"6","6",,This site was previously split into two areas - the eastern side was proposed for housing and the western side was proposed for commercial development. Each area was subject to separate planning applications but both sites were linked by a S106 agreement.,01/10/2018,01/10/2020,01/03/2020,RR/2018/1309/P
"MULTIPOLYGON (((574927.403 107639.974,574931.8 107640.35,574931.71 107641.4,574935.85 107641.77,574939.56 107642.11,574940.55 107642.2,574943.7 107642.48,574946.16 107642.7,574947.1 107642.79,574951.0 107643.14,574953.16 107643.33,574954.45 107643.45,574959.9 107643.95,574959.94 107643.49,574960.55 107637.15,574960.958 107632.493,574961.31 107628.48,574962.16 107618.73,574962.51 107614.64,574962.58 107613.94,574947.94 107612.66,574921.9 107611.5,574921.85 107611.49,574921.25 107617.95,574925.586 107618.417,574923.963 107634.375,574927.804 107634.89,574927.403 107639.974)))","3",RDCBLR0004,http://opendatacommunities.org/id/district-council/rother,RDCBLR0004,"30-34 Dorset Road, Bexhill",https://www.rother.gov.uk/wp-content/uploads/2020/12/brownfieldlandregister_siteplans_2020.pdf,50.841719,0.483418,0.11,not owned by a public authority,not permissioned,,,http://planweb01.rother.gov.uk/OcellaWeb/planningDetails?reference=RR/2019/429/P&from=planningSearch|http://planweb01.rother.gov.uk/OcellaWeb/planningDetails?reference=RR/2018/2150/P&from=planningSearch|http://planweb01.rother.gov.uk/OcellaWeb/planningDet,,"10","10",,"Lapsed permission. This brownfield site is part of a larger site that includes greenfield land.  December 2020 - New application only for 30 Dorset Road currently under assessment. Site to be reviewed once the application is determined, which may result i",01/10/2017,01/10/2020,,RR/2013/1710/P
"MULTIPOLYGON (((571255.452 106535.363,571255.0 106536.6,571251.65 106546.45,571249.69 106551.95,571249.47 106552.56,571248.1 106556.4,571247.65 106557.65,571246.3 106561.75,571236.55 106589.55,571240.8 106591.15,571243.23 106592.0,571251.48 106594.88,571254.65 106595.97,571254.77 106595.63,571274.998 106537.744,571272.251 106536.778,571271.102 106540.191,571255.452 106535.363)))","4",RDCBLR0005,http://opendatacommunities.org/id/district-council/rother,RDCBLR0005,"207 Cooden Drive, Bexhill",https://www.rother.gov.uk/wp-content/uploads/2020/12/brownfieldlandregister_siteplans_2020.pdf,50.833179,0.430671,0.11,not owned by a public authority,not permissioned,,,http://planweb01.rother.gov.uk/OcellaWeb/planningDetails?reference=RR/2013/1963/P&from=planningSearch|http://planweb01.rother.gov.uk/OcellaWeb/planningDetails?reference=RR/2010/2224/P&from=planningSearch|http://planweb01.rother.gov.uk/OcellaWeb/planningDe,,"5","5",,Lapsed permission. This brownfield site is part of a larger site that includes greenfield land.  December 2020 - No changes. An end date will be added to this site in 2022 unless the circumstances concerning the site change.,01/10/2017,01/10/2020,,RR/2013/1963/P
"MULTIPOLYGON (((596702.06 118755.87,596698.24 118755.73,596688.64 118761.43,596687.908 118760.145,596686.0 118761.56,596687.44 118763.93,596680.05 118768.44,596678.96 118766.72,596666.23 118774.4,596668.34 118778.33,596676.54 118792.33,596677.24 118793.53,596680.15 118798.76,596721.49 118774.57,596723.65 118773.459,596714.64 118757.63,596702.06 118755.87)))","6",RDCBLR0006,http://opendatacommunities.org/id/district-council/rother,RDCBLR0006,"Lydd Road Garage, Lydd Road, Camber",https://www.rother.gov.uk/wp-content/uploads/2020/12/brownfieldlandregister_siteplans_2020.pdf,50.934879,0.798014,0.13,not owned by a public authority,not permissioned,,,http://planweb01.rother.gov.uk/OcellaWeb/planningDetails?reference=RR/2017/1754/P&from=planningSearch|http://planweb01.rother.gov.uk/OcellaWeb/planningDetails?reference=RR/2016/1525/MA&from=planningSearch|http://planweb01.rother.gov.uk/OcellaWeb/planningD,,"5","5",,Lapsed permission. RR/2015/2361/P - Mixed use development comprising a terrace of 5 x two bedroom town houses and a commercial unit (flexible use for purposes within A1 (shop) / A2 (financial & professional services) / B1(a) (office) / D1 (clinic) or D2 (,01/10/2017,01/10/2020,,RR/2015/2361/P
"MULTIPOLYGON (((577067.236 125436.577,577073.713 125437.762,577095.275 125437.13,577114.626 125433.339,577119.286 125431.443,577136.425 125425.046,577136.899 125424.493,577099.224 125397.086,577091.642 125407.433,577084.376 125418.332,577077.899 125425.204,577067.236 125436.577)))","7",RDCBLR0007,http://opendatacommunities.org/id/district-council/rother,RDCBLR0007,"Ruskin House, Bodiam Business Park, Junction Road, Bodiam",https://www.rother.gov.uk/wp-content/uploads/2020/12/brownfieldlandregister_siteplans_2020.pdf,51.000928,0.522714,0.14,not owned by a public authority,not permissioned,,,http://planweb01.rother.gov.uk/OcellaWeb/planningDetails?reference=RR/2015/2965/PN3&from=planningSearch|http://planweb01.rother.gov.uk/OcellaWeb/planningDetails?reference=RR/1999/1308/P&from=planningSearch|http://planweb01.rother.gov.uk/OcellaWeb/planning,,"11","11",,"RR/2015/2965/PN3 - Permitted development, prior approval not required. Proposed Change of use to convert existing office building into eleven flats of either one or two bedrooms. Decided 01/12/2015.  December 2020 development on site has commenced, theref",01/10/2017,01/10/2020,01/03/2020,RR/2015/2965/PN3
"MULTIPOLYGON (((573798.526 123392.364,573796.193 123381.866,573794.725 123382.175,573774.02 123386.53,573764.19 123390.0,573764.82 123391.49,573765.39 123392.8,573765.67 123394.1,573767.62 123402.34,573769.56 123410.55,573771.17 123417.38,573772.29 123422.1,573776.0 123421.34,573789.06 123418.85,573802.62 123416.122,573802.953 123416.055,573802.929 123415.908,573802.346 123412.275,573800.705 123402.059,573798.526 123392.364)))","9",RDCBLR0008,http://opendatacommunities.org/id/district-council/rother,RDCBLR0008,"Former Countrycraft Site, George Hill, Robertsbridge",https://www.rother.gov.uk/wp-content/uploads/2020/12/brownfieldlandregister_siteplans_2020.pdf,50.983791,0.474508,0.11,not owned by a public authority,permissioned,full planning permission,18/03/2016,http://planweb01.rother.gov.uk/OcellaWeb/planningDetails?reference=RR/2015/3106/P&from=planningSearch|http://planweb01.rother.gov.uk/OcellaWeb/planningDetails?reference=RR/2014/2779/P&from=planningSearch|http://planweb01.rother.gov.uk/OcellaWeb/planningDe,,"5","5",,"RR/2015/3106/P - Erection of 5 dwellings together with access and parking arrangements. December 2020 the site has been developed, therefore for the purposes of the register this entry is now closed, and an end date has been added",01/10/2017,01/10/2020,01/01/2019,RR/2015/3106/P
"MULTIPOLYGON (((575342.74 107712.59,575343.36 107706.59,575343.85 107701.9,575344.45 107696.17,575344.99 107691.05,575345.79 107683.37,575345.91 107682.19,575346.01 107682.21,575346.2 107680.6,575329.7 107678.25,575329.163 107678.175,575328.45 107685.75,575327.5 107695.4,575326.95 107701.0,575326.676 107700.972,575326.731 107710.735,575333.4 107711.45,575342.74 107712.59)))","10",RDCBLR0009,http://opendatacommunities.org/id/district-council/rother,RDCBLR0009,"85 Ashdown Road, Bexhill",https://www.rother.gov.uk/wp-content/uploads/2020/12/brownfieldlandregister_siteplans_2020.pdf,50.842211,0.489055,0.05,not owned by a public authority,not permissioned,,,http://planweb01.rother.gov.uk/OcellaWeb/planningDetails?reference=RR/2015/462/P&from=planningSearch|http://planweb01.rother.gov.uk/OcellaWeb/planningDetails?reference=RR/2012/36/P&from=planningSearch|http://planweb01.rother.gov.uk/OcellaWeb/planningDetai,,"5","5",,Lapsed permission. December 2020 - No changes. An end date will be added to this site in 2022 unless the circumstances concerning the site change.,01/10/2017,01/10/2020,,RR/2015/462/P
"MULTIPOLYGON (((574512.63 107744.146,574528.5 107748.35,574528.629 107739.224,574533.572 107739.468,574534.383 107723.991,574512.261 107722.046,574511.532 107729.177,574497.676 107727.799,574496.623 107734.687,574501.647 107735.254,574501.971 107733.552,574513.153 107735.011,574512.505 107740.926,574512.63 107744.146)))","11",RDCBLR0010,http://opendatacommunities.org/id/district-council/rother,RDCBLR0010,"Chintings, Upper Sea Road, Bexhill",https://www.rother.gov.uk/wp-content/uploads/2020/12/brownfieldlandregister_siteplans_2020.pdf,50.842780,0.477494,0.06,not owned by a public authority,not permissioned,,,http://planweb01.rother.gov.uk/OcellaWeb/planningDetails?reference=RR/2015/655/P&from=planningSearch|http://planweb01.rother.gov.uk/OcellaWeb/planningDetails?reference=RR/2014/501/T&from=planningSearch|http://planweb01.rother.gov.uk/OcellaWeb/planningDeta,,"7","7",,,01/10/2017,01/10/2020,,RR/2015/655/P
"MULTIPOLYGON (((573966.33 107436.99,573955.59 107435.82,573949.0 107435.1,573946.9 107434.85,573945.59 107434.69,573938.73 107433.86,573936.71 107433.51,573935.75 107433.35,573928.0 107432.1,573927.95 107432.45,573922.6 107431.8,573918.88 107431.2,573917.81 107437.16,573927.05 107438.35,573936.5 107439.8,573945.75 107441.55,573954.09 107443.21,573955.02 107443.39,573962.8 107444.85,573964.15 107448.7,573965.25 107452.65,573966.648 107452.827,573967.84 107437.157,573966.33 107436.99)))","14",RDCBLR0011,http://opendatacommunities.org/id/district-council/rother,RDCBLR0011,"2a Sackville Road, Bexhill",https://www.rother.gov.uk/wp-content/uploads/2020/12/brownfieldlandregister_siteplans_2020.pdf,50.840330,0.469211,0.04,not owned by a public authority,permissioned,full planning permission,04/09/2020,http://planweb01.rother.gov.uk/OcellaWeb/planningDetails?reference=RR/2020/155/P&from=planningSearch|http://planweb01.rother.gov.uk/OcellaWeb/planningDetails?reference=RR/2016/2488/P&from=planningSearch|http://planweb01.rother.gov.uk/OcellaWeb/planningDet,yes,"6","6",,"RR/2020/155/P - Erection of a four-storey combined commercial & residential development to accommodate an A1 use at ground floor & 6 self-contained flats (3 X 1B, 2 X 2B, 1 X Studio) on subsequent first, second & third floors with refuse & cycle storage a",01/10/2017,01/10/2020,,RR/2020/155/P
"MULTIPOLYGON (((571386.25 107731.1,571386.13 107731.32,571383.8 107735.55,571383.52 107736.01,571381.55 107739.25,571388.85 107747.15,571393.35 107751.4,571397.45 107754.6,571399.55 107756.25,571401.85 107757.9,571402.5 107758.3,571404.35 107759.45,571405.5 107760.1,571407.35 107761.1,571409.25 107762.05,571411.75 107763.4,571412.3 107763.6,571413.0 107763.75,571413.3 107763.8,571414.1 107763.85,571414.9 107763.75,571415.15 107763.7,571415.6 107763.55,571416.0 107763.35,571416.35 107763.1,571416.65 107762.8,571416.85 107762.4,571416.95 107762.1,571417.0 107761.65,571417.0 107761.2,571416.9 107760.6,571416.602 107760.031,571418.672 107737.763,571414.34 107736.76,571408.34 107735.56,571386.25 107731.1)))","15",RDCBLR0012,http://opendatacommunities.org/id/district-council/rother,RDCBLR0012,"40-42 Cooden Sea Road, Bexhill",https://www.rother.gov.uk/wp-content/uploads/2020/12/brownfieldlandregister_siteplans_2020.pdf,50.843846,0.433271,0.07,not owned by a public authority,permissioned,full planning permission,08/09/2020,http://planweb01.rother.gov.uk/OcellaWeb/planningDetails?reference=RR/2018/2876/P&from=planningSearch|http://planweb01.rother.gov.uk/OcellaWeb/planningDetails?reference=RR/2018/1857/P&from=planningSearch|http://planweb01.rother.gov.uk/OcellaWeb/planningDe,yes,"8","8",,RR/2020/1170/P - Alterations and extensions of existing building from 1 retail unit (A1) and 1 dwelling (A3)  to form 3 x commercial units (A1/A2) and 8no. additional dwellings (C3). December 2020 -Permission Renewed,01/10/2017,01/10/2020,,RR/2020/1170/P
"MULTIPOLYGON (((574922.313 107545.478,574897.017 107537.939,574890.467 107562.588,574916.54 107568.77,574922.313 107545.478)))","17",RDCBLR0013,http://opendatacommunities.org/id/district-council/rother,RDCBLR0013,"17 & 17A Dorset Road South, Bexhill",https://www.rother.gov.uk/wp-content/uploads/2020/12/brownfieldlandregister_siteplans_2020.pdf,50.841030,0.482856,0.07,not owned by a public authority,permissioned,full planning permission,27/06/2019,http://planweb01.rother.gov.uk/OcellaWeb/planningDetails?reference=RR/2019/1229/P&from=planningSearch|http://planweb01.rother.gov.uk/OcellaWeb/planningDetails?reference=RR/2018/3007/P&from=planningSearch|http://planweb01.rother.gov.uk/OcellaWeb/planningDe,yes,"4","5",,This brownfield site is part of a larger site that includes greenfield land. RR/2016/569/P - Demolition of existing buildings and erection of a building comprising 12 apartments and an open sided garage block for 4 cars (resubmission of planning approval,01/10/2017,01/10/2020,,"RR/2016/569/P, RR/2018/1696/P"
"MULTIPOLYGON (((570957.094 107830.591,570957.345 107832.377,570957.7 107838.02,570962.461 107838.77,570961.991 107832.132,570972.424 107831.562,570972.8 107840.4,570988.03 107842.84,570987.666 107832.133,570987.34 107819.581,570987.205 107816.89,570971.772 107817.462,570956.102 107818.448,570957.094 107830.591)))","18",RDCBLR0014,http://opendatacommunities.org/id/district-council/rother,RDCBLR0014,"45-47 Barnhorn Road, Bexhill",https://www.rother.gov.uk/wp-content/uploads/2020/12/brownfieldlandregister_siteplans_2020.pdf,50.844325,0.427116,0.06,not owned by a public authority,not permissioned,,,http://planweb01.rother.gov.uk/OcellaWeb/planningDetails?reference=RR/2016/2430/P&from=planningSearch|http://planweb01.rother.gov.uk/OcellaWeb/planningDetails?reference=RR/2012/2115/P&from=planningSearch,yes,"6","6",,"This brownfield site is part of a larger site that includes greenfield land. The minimum net dwellings figure of 6 relates only to the brownfield part of this site, the whole site, including the greenfield part, has a permission for 8 dwellings (RR/2016/2",01/10/2017,01/10/2020,,RR/2016/2430/P
"MULTIPOLYGON (((573923.049 107868.279,573923.567 107862.174,573925.188 107861.588,573941.261 107862.623,573941.33 107859.863,573925.654 107858.483,573926.62 107847.48,573900.13 107845.204,573898.336 107866.141,573915.564 107867.693,573923.049 107868.279)))","19",RDCBLR0015,http://opendatacommunities.org/id/district-council/rother,RDCBLR0015,"79 - 85 London Road  - Rear of, Bexhill",https://www.rother.gov.uk/wp-content/uploads/2020/12/brownfieldlandregister_siteplans_2020.pdf,50.844095,0.468955,0.06,not owned by a public authority,permissioned,full planning permission,14/09/2017,http://planweb01.rother.gov.uk/OcellaWeb/planningDetails?reference=RR/2019/1733/P&from=planningSearch|http://planweb01.rother.gov.uk/OcellaWeb/planningDetails?reference=RR/2018/1954/P&from=planningSearch|http://planweb01.rother.gov.uk/OcellaWeb/planningDe,yes,"5","5",,"RR/2017/460/P - Redevelopment of site with terrace of 5 houses. A preliminary risk assessment based on a Site walkover survey and a desk study has indicated that the environmental risks associated with the site were low, and that a further intrusive site",01/10/2017,01/10/2020,,RR/2017/460/P
"MULTIPOLYGON (((574998.81 107446.32,574998.021 107450.445,574992.796 107471.262,575010.544 107475.491,575008.803 107484.283,575020.248 107487.185,575021.575 107482.458,575027.51 107460.27,575019.55 107456.41,575000.35 107447.06,575000.0 107446.89,574998.81 107446.32)))","20",RDCBLR0001,http://opendatacommunities.org/id/district-council/rother,RDCBLR0001,"St George's Church, Cantelupe Road, Bexhill",https://www.rother.gov.uk/wp-content/uploads/2020/12/brownfieldlandregister_siteplans_2020.pdf,50.840243,0.484334,0.08,not owned by a public authority,not permissioned,,,http://planweb01.rother.gov.uk/OcellaWeb/planningDetails?reference=RR/2009/1382/P&from=planningSearch|http://planweb01.rother.gov.uk/OcellaWeb/planningDetails?reference=RR/2007/1791/P&from=planningSearch|http://planweb01.rother.gov.uk/OcellaWeb/planningDe,,"6","6",,Lapsed permission. This brownfield site is part of a larger site that includes greenfield land. December 2020 - No changes. An end date will be added to this site in 2022 unless the circumstances concerning the site change.,01/10/2017,01/10/2020,,RR/2007/1791/P
"MULTIPOLYGON (((592157.83 120544.05,592156.622 120545.683,592169.98 120557.7,592173.61 120560.98,592178.33 120565.25,592178.63 120568.35,592185.934 120576.338,592187.23 120574.65,592191.93 120568.65,592189.33 120566.65,592188.33 120567.85,592185.83 120565.85,592187.53 120563.55,592183.93 120560.65,592186.83 120556.95,592191.03 120560.15,592191.33 120559.95,592191.49 120559.79,592194.43 120555.65,592196.83 120556.15,592206.36 120544.5,592186.53 120541.45,592184.5 120539.74,592182.33 120537.92,592180.1 120536.05,592177.88 120534.18,592175.65 120532.31,592173.42 120530.44,592171.26 120528.62,592168.53 120531.45,592166.92 120533.34,592157.83 120544.05)))","21",RDCBLR0002,http://opendatacommunities.org/id/district-council/rother,RDCBLR0002,"Tower House, Hilders Cliff, Rye",https://www.rother.gov.uk/wp-content/uploads/2020/12/brownfieldlandregister_siteplans_2020.pdf,50.952334,0.734769,0.10,not owned by a public authority,not permissioned,,,http://planweb01.rother.gov.uk/OcellaWeb/planningDetails?reference=RR/2010/2676/P&from=planningSearch|http://planweb01.rother.gov.uk/OcellaWeb/planningDetails?reference=RR/2005/2399/P&from=planningSearch|http://planweb01.rother.gov.uk/OcellaWeb/planningDe,,"6","6",,Lapsed permission.  December 2020 - December 2020 - No changes. An end date will be added to this site in 2022 unless the circumstances concerning the site change.,01/10/2017,01/10/2020,,RR/2010/2676/P
"MULTIPOLYGON (((591340.31 120445.02,591321.55 120443.23,591317.84 120442.75,591318.12 120440.58,591313.7 120440.01,591314.68 120433.2,591302.64 120431.91,591302.15 120440.36,591283.86 120438.0,591282.95 120445.0,591285.23 120445.29,591284.57 120450.4,591280.55 120449.7,591279.13 120449.45,591275.95 120448.9,591274.85 120458.3,591288.16 120473.26,591291.28 120475.65,591293.98 120477.43,591296.75 120478.65,591298.48 120479.16,591299.74 120479.63,591302.04 120480.24,591303.59 120480.85,591303.65 120482.06,591305.24 120482.52,591312.34 120484.39,591312.59 120484.45,591315.83 120485.31,591316.25 120485.44,591316.36 120485.48,591317.71 120492.74,591324.25 120491.82,591340.06 120489.83,591339.81 120477.4,591339.73 120473.9,591339.55 120464.7,591339.55 120454.7,591339.74 120452.26,591339.89 120450.29,591340.15 120446.9,591340.31 120445.02)))","22",RDCBLR0028,http://opendatacommunities.org/id/district-council/rother,RDCBLR0028,"Tilling Green, Rye",https://www.rother.gov.uk/wp-content/uploads/2020/12/brownfieldlandregister_siteplans_2020.pdf,50.951831,0.722393,0.26,owned by a public authority,not permissioned,,,http://planweb01.rother.gov.uk/OcellaWeb/planningDetails?reference=RR/2015/2581/P&from=planningSearch|http://planweb01.rother.gov.uk/OcellaWeb/planningDetails?reference=RR/2007/1151/P&from=planningSearch|http://planweb01.rother.gov.uk/OcellaWeb/planningDe,yes,"7","8",,"This site is allocated in the Rye Neighbourhood Plan (adopted July 2019) for at least 20 dwellings and a replacement community centre (up to 500 sqm), with up to 10% being self/custom build subject to a number of criteria, for instance the design of new d",01/10/2017,01/10/2020,,"RNP H3, SHLAA RY18"
"MULTIPOLYGON (((592637.04 120588.24,592627.18 120594.0,592600.03 120609.7,592595.88 120612.1,592573.56 120625.4,592577.07 120627.1,592586.89 120631.86,592596.87 120636.7,592586.55 120657.34,592584.01 120662.42,592582.97 120664.5,592580.27 120669.8,592576.11 120678.33,592580.14 120680.37,592589.05 120663.34,592591.87 120657.95,592592.97 120655.85,592601.37 120639.8,592609.98 120644.28,592618.87 120648.9,592610.26 120665.99,592606.72 120673.02,592602.51 120681.37,592598.816 120689.75,592634.846 120709.15,592638.861 120700.731,592638.99 120700.8,592640.6 120697.65,592641.7 120698.25,592643.1 120695.45,592654.88 120673.69,592657.5 120668.85,592660.29 120670.37,592664.62 120672.71,592671.26 120676.32,592677.75 120679.84,592684.6 120683.56,592690.251 120686.625,592692.42 120687.81,592699.26 120691.52,592700.201 120692.031,592700.566 120691.359,592704.733 120687.92,592703.49 120685.85,592710.59 120681.55,592708.69 120678.35,592702.733 120681.958,592701.59 120682.65,592701.6 120680.55,592697.0 120673.05,592698.3 120672.25,592702.2 120670.3,592696.04 120660.33,592692.17 120662.68,592686.14 120653.29,592682.3 120656.05,592680.5 120653.45,592676.1 120656.15,592663.3 120633.94,592669.76 120629.95,592661.92 120616.65,592664.92 120614.92,592657.15 120600.69,592647.54 120606.59,592637.04 120588.24)))","24",RDCBLR0029,http://opendatacommunities.org/id/district-council/rother,RDCBLR0029,"Freda Gardham School site, Rye",https://www.rother.gov.uk/wp-content/uploads/2020/12/brownfieldlandregister_siteplans_2020.pdf,50.953070,0.741334,0.72,owned by a public authority,not permissioned,,,,yes,"18","22",,"This site is allocated in the Rye Neighbourhood Plan (adopted July 2019) for at least 30 dwellings, at least 10% of which will be self/custom build subject to a number criteria such as access, flood risk assessment that demonstrate that the residential de",01/10/2017,01/10/2020,,"RNP H7, SHLAA RY19a"
"MULTIPOLYGON (((573771.228 107464.514,573786.74 107464.254,573791.705 107464.189,573800.75 107464.07,573801.8 107464.05,573809.5 107464.05,573833.4 107463.208,573832.721 107444.834,573822.55 107443.25,573779.85 107437.0,573770.843 107435.631,573770.9 107440.5,573770.92 107442.21,573771.04 107451.0,573771.1 107455.6,573771.1 107464.46,573771.228 107464.514)))","26",RDCBLR0017,http://opendatacommunities.org/id/district-council/rother,RDCBLR0017,"Land south of Terminus Road, Bexhill",https://www.rother.gov.uk/wp-content/uploads/2020/12/brownfieldlandregister_siteplans_2020.pdf,50.840490,0.467145,0.15,mixed ownership,permissioned,outline planning permission,20/12/2018,http://planweb01.rother.gov.uk/OcellaWeb/planningDetails?reference=RR/2018/2453/P&from=planningSearch|http://planweb01.rother.gov.uk/OcellaWeb/planningDetails?reference=RR/2017/1861/P&from=planningSearch|http://planweb01.rother.gov.uk/OcellaWeb/planningDe,yes,"10","10",,This site is allocated in the DaSA for some 10 dwellings. Appropriate boundary landscaping will need to be provided and built development is restricted to the eastern part of the site resulting in an 8 metre built development exclusion zone from the main,01/10/2017,01/10/2020,,"DaSA BEX8, SHLAA BX81"
"MULTIPOLYGON (((581356.3 112747.0,581354.318 112737.741,581374.698 112730.82,581372.496 112723.585,581371.414 112720.217,581370.094 112716.112,581364.253 112697.934,581363.481 112695.532,581360.381 112686.232,581360.283 112685.589,581357.823 112684.877,581352.174 112682.947,581350.346 112682.259,581345.149 112680.247,581347.038 112672.12,581338.962 112669.406,581337.431 112668.641,581334.9 112661.3,581330.6 112648.0,581330.08 112646.43,581324.19 112629.55,581318.53 112615.98,581315.39 112607.37,581306.8 112612.22,581317.75 112645.35,581323.95 112663.85,581324.084 112664.309,581322.6 112664.8,581318.0 112666.6,581311.24 112669.23,581298.6 112674.15,581293.85 112680.05,581286.07 112683.06,581286.59 112684.65,581293.24 112704.85,581298.2 112719.95,581293.11 112721.73,581290.27 112722.72,581282.6 112725.4,581279.95 112726.3,581276.2 112718.3,581275.75 112717.35,581275.25 112716.45,581275.1 112716.25,581274.55 112715.35,581274.3 112715.15,581273.95 112714.8,581273.5 112714.55,581272.2 112714.45,581270.95 112714.4,581270.3 112714.45,581269.05 112714.55,581267.8 112714.75,581267.65 112714.8,581247.45 112718.84,581246.4 112719.05,581244.95 112738.3,581244.9 112738.75,581244.9 112739.0,581244.95 112739.45,581245.05 112739.75,581248.95 112751.6,581249.15 112752.35,581249.3 112753.1,581249.35 112753.9,581249.35 112760.0,581252.1 112769.2,581254.25 112773.85,581256.141 112781.95,581257.6 112781.33,581310.85 112758.7,581311.74 112761.51,581343.1 112742.55,581343.92 112746.69,581344.63 112746.2,581343.74 112757.78,581343.55 112762.03,581343.42 112766.98,581343.396 112768.072,581343.32 112771.6,581343.38 112777.02,581343.54 112782.0,581343.81 112786.4,581343.97 112787.46,581344.06 112788.55,581343.84 112790.03,581343.07 112791.59,581342.46 112792.32,581341.45 112793.15,581342.32 112797.68,581347.87 112794.71,581355.45 112792.14,581371.316 112786.201,581367.65 112776.3,581365.7 112771.75,581364.0 112767.5,581362.05 112762.2,581356.3 112747.0)))","27",RDCBLR0018,http://opendatacommunities.org/id/district-council/rother,RDCBLR0018,"Land at Michael Tyler Furniture, Woodlands Way, Hastings",https://www.rother.gov.uk/wp-content/uploads/2020/12/brownfieldlandregister_siteplans_2020.pdf,50.885530,0.576362,0.99,not owned by a public authority,pending decision,,,http://planweb01.rother.gov.uk/OcellaWeb/planningDetails?reference=RR/2015/2264/P&from=planningSearch|http://planweb01.rother.gov.uk/OcellaWeb/planningDetails?reference=RR/2014/2595/P&from=planningSearch|http://planweb01.rother.gov.uk/OcellaWeb/planningDe,yes,"40","40",,"This site is allocated in the DaSA for some 40 dwellings, of which 30% are affordable. Suitable provision should be made for children’s play space in the form of a Local Area for Play (LAP). Development should not intrude into views from the Area of Outst",01/10/2017,01/10/2020,,"RR/2015/2264/P, DaSA HAS2, SHLAA HF4"
"MULTIPOLYGON (((586312.969 124462.848,586299.46 124469.77,586272.54 124417.58,586267.23 124418.65,586267.72 124419.82,586268.76 124422.33,586269.86 124425.23,586270.36 124426.63,586267.36 124427.73,586254.36 124432.43,586253.56 124434.23,586253.66 124440.23,586258.96 124449.73,586261.96 124454.23,586272.09 124472.11,586271.49 124472.61,586272.89 124475.41,586282.9 124489.13,586286.7 124494.24,586292.79 124501.79,586296.18 124499.8,586302.46 124490.33,586305.96 124490.43,586312.16 124490.63,586317.46 124490.73,586328.96 124490.23,586330.76 124490.13,586347.459 124489.546,586344.649 124474.728,586322.805 124478.305,586312.969 124462.848)))","28",RDCBLR0019,http://opendatacommunities.org/id/district-council/rother,RDCBLR0019,"Land east of Hobbs Lane, Beckley Four Oaks",https://www.rother.gov.uk/wp-content/uploads/2020/12/brownfieldlandregister_siteplans_2020.pdf,50.989443,0.653368,0.28,not owned by a public authority,not permissioned,,,http://planweb01.rother.gov.uk/OcellaWeb/planningDetails?reference=RR/2019/1543/P&from=planningSearch|http://planweb01.rother.gov.uk/OcellaWeb/planningDetails?reference=RR/2019/1549/FN&from=planningSearch|http://planweb01.rother.gov.uk/OcellaWeb/planningD,yes,"4","6",,,01/10/2017,01/10/2020,,"DaSA BEC1, SHLAA FO15"
"MULTIPOLYGON (((596401.44 118725.95,596401.48 118726.26,596401.54 118726.56,596401.61 118726.86,596401.77 118727.43,596404.7 118735.25,596408.14 118742.92,596412.16 118750.51,596415.56 118756.01,596416.4 118755.92,596418.472 118754.984,596456.36 118737.86,596465.09 118734.16,596469.39 118731.89,596468.56 118729.71,596454.69 118703.83,596454.31 118703.68,596454.11 118703.61,596453.9 118703.55,596453.69 118703.5,596453.48 118703.45,596453.27 118703.42,596452.85 118703.38,596452.64 118703.37,596452.42 118703.37,596452.21 118703.38,596451.99 118703.4,596451.78 118703.43,596451.57 118703.46,596451.277 118703.555,596450.849 118703.771,596446.151 118706.138,596439.53 118709.27,596431.283 118712.708,596423.361 118715.613,596403.26 118722.14,596402.861 118722.33,596402.554 118722.614,596402.157 118723.137,596401.861 118723.762,596401.611 118724.388,596401.497 118724.865,596401.406 118725.41,596401.44 118725.95)))","29",RDCBLR0020,http://opendatacommunities.org/id/district-council/rother,RDCBLR0020,"Land at the Former Putting Green Site, Camber",https://www.rother.gov.uk/wp-content/uploads/2020/12/brownfieldlandregister_siteplans_2020.pdf,50.934546,0.794293,0.20,owned by a public authority,not permissioned,,,http://planweb01.rother.gov.uk/OcellaWeb/planningDetails?reference=RR/2010/2061/3R&from=planningSearch|http://planweb01.rother.gov.uk/OcellaWeb/planningDetails?reference=RR/2009/1948/P&from=planningSearch|http://planweb01.rother.gov.uk/OcellaWeb/planningD,yes,"10","10",,"This site is allocated in the DaSA for some 10 dwellings, of which 40% are affordable. The site lies within Flood Zone 2. A Flood Risk Assessment would need to be submitted as part of any planning application to demonstrate that the development will be sa",01/10/2017,01/10/2020,,"DaSA CAM1, SHLAA CM2"
"MULTIPOLYGON (((581528.97 116000.0,581505.32 116015.124,581508.36 116020.191,581496.031 116028.636,581485.897 116036.912,581489.106 116042.823,581493.498 116041.303,581498.733 116042.823,581502.956 116049.41,581497.72 116052.619,581502.956 116061.232,581504.1 116060.37,581511.14 116056.63,581520.767 116056.461,581521.29 116056.39,581534.09 116049.1,581543.19 116044.2,581543.79 116043.7,581545.29 116042.7,581546.99 116041.8,581548.09 116041.3,581550.09 116040.57,581551.39 116040.1,581552.39 116039.7,581554.39 116039.1,581554.79 116039.0,581555.39 116038.8,581556.09 116038.8,581556.59 116038.9,581557.09 116039.1,581557.49 116039.3,581531.77 116004.0,581528.97 116000.0)))","32",RDCBLR0024,http://opendatacommunities.org/id/district-council/rother,RDCBLR0024,"Former Care Home, Moorhurst, A28, Westfield",https://www.rother.gov.uk/wp-content/uploads/2020/12/brownfieldlandregister_siteplans_2020.pdf,50.915188,0.580633,0.22,owned by a public authority,not permissioned,,,http://planweb01.rother.gov.uk/OcellaWeb/planningDetails?reference=RR/2009/2687/C&from=planningSearch|http://planweb01.rother.gov.uk/OcellaWeb/planningDetails?reference=RR/2007/272/C&from=planningSearch|http://planweb01.rother.gov.uk/OcellaWeb/planningDet,yes,"10","10",,,01/10/2017,01/10/2020,,"DaSA WES2, SHLAA WF23"
"MULTIPOLYGON (((593911.721 119022.465,593909.82 119018.1,593909.601 119017.654,593902.11 119002.39,593900.94 119000.0,593883.91 118965.28,593862.45 118946.74,593859.77 118944.01,593839.4 118961.17,593825.22 118959.92,593812.578 118958.798,593805.59 118990.438,593760.826 119055.784,593765.5 119057.04,593797.31 119071.87,593803.42 119075.16,593851.202 119055.126,593852.76 119058.94,593855.12 119064.55,593857.82 119070.95,593863.06 119068.54,593863.781 119070.257,593864.47 119071.9,593865.68 119074.79,593866.96 119077.84,593861.56 119079.84,593874.94 119113.76,593880.26 119127.24,593895.13 119122.0,593901.23 119119.85,593917.17 119114.23,593916.64 119112.82,593912.49 119102.07,593911.28 119098.6,593914.79 119097.27,593916.74 119096.54,593918.36 119095.92,593932.46 119090.56,593940.16 119087.71,593921.5 119044.91,593911.721 119022.465)))","33",RDCBLR0023,http://opendatacommunities.org/id/district-council/rother,RDCBLR0023,"Land at the Stonework Cottages, Rye Harbour",https://www.rother.gov.uk/wp-content/uploads/2020/12/brownfieldlandregister_siteplans_2020.pdf,50.938511,0.758400,1.59,not owned by a public authority,not permissioned,,,https://planweb01.rother.gov.uk/OcellaWeb/showDocuments?reference=RR/87/0990&module=hs,yes,"40","40",,"The site is allocated in the DaSA for some 40 dwellings, of which 30% are affordable. Access should be achieved off Harbour Road. Screening employing native species should be provided on the boundaries of the site. Appropriate fencing should be erected to",01/10/2017,01/10/2020,,"DaSA RHA1, SHLAA RH10"
"MULTIPOLYGON (((572595.258 108842.449,572602.611 108844.375,572603.916 108848.499,572605.626 108853.309,572625.902 108846.89,572625.944 108846.877,572626.601 108846.669,572630.839 108840.908,572634.286 108839.762,572634.704 108839.623,572641.251 108837.446,572642.143 108837.15,572645.884 108835.959,572644.953 108820.322,572644.909 108819.909,572643.752 108809.031,572643.475 108806.421,572641.966 108792.045,572642.667 108790.426,572641.336 108790.36,572633.346 108784.275,572627.686 108762.736,572577.516 108774.166,572595.258 108842.449)))","34",RDCBLR0016,http://opendatacommunities.org/id/district-council/rother,RDCBLR0016,"Land at Moleynes Mead, Fryatts Way, Bexhill",https://www.rother.gov.uk/wp-content/uploads/2020/12/brownfieldlandregister_siteplans_2020.pdf,50.852945,0.451064,0.42,not owned by a public authority,pending decision,,,http://planweb01.rother.gov.uk/OcellaWeb/planningDetails?reference=RR/2017/2452/P&from=planningSearch|http://planweb01.rother.gov.uk/OcellaWeb/planningDetails?reference=RR/2014/2019/P&from=planningSearch|http://planweb01.rother.gov.uk/OcellaWeb/planningDe,yes,"13","13",,,01/10/2017,01/10/2020,,"DaSA BEX7, SHLAA BX64"
"MULTIPOLYGON (((578880.1 117326.13,578880.039 117326.602,578879.986 117327.783,578863.06 117326.01,578850.16 117332.43,578850.67 117333.61,578848.44 117334.898,578851.848 117340.831,578869.655 117375.495,578874.62 117372.97,578906.77 117356.71,578915.894 117363.114,578917.17 117364.01,578918.58 117364.54,578918.76 117363.47,578921.397 117341.844,578925.71 117343.945,578949.596 117346.82,578951.486 117334.137,578944.03 117333.12,578942.86 117332.99,578941.43 117332.82,578933.23 117331.92,578932.83 117332.02,578930.13 117331.72,578927.43 117331.42,578926.84 117336.21,578926.91 117336.33,578926.73 117337.12,578926.33 117337.82,578925.63 117338.42,578924.73 117338.92,578924.53 117339.02,578923.62 117339.17,578923.33 117339.22,578909.27 117331.71,578907.97 117331.21,578905.37 117330.01,578903.17 117329.11,578900.37 117328.41,578890.27 117326.11,578880.1 117326.13)))","35",RDCBLR0025,http://opendatacommunities.org/id/district-council/rother,RDCBLR0025,"Land at Pestalozzi, Sedlescombe",https://www.rother.gov.uk/wp-content/uploads/2020/12/brownfieldlandregister_siteplans_2020.pdf,50.927795,0.544328,0.32,not owned by a public authority,not permissioned,,,http://planweb01.rother.gov.uk/OcellaWeb/planningDetails?reference=RR/2014/2182/P&from=planningSearch|http://planweb01.rother.gov.uk/OcellaWeb/planningDetails?reference=RR/2014/1341/P&from=planningSearch|http://planweb01.rother.gov.uk/OcellaWeb/planningDe,,"6","8",,"“This brownfield site is part of a larger site that includes greenfield land. The whole site, including the greenfield part, is allocated in the Sedlescombe Neighbourhood Plan for some 6 - 8 dwellings. A scheme should make provision for 1 and 2-bed houses",01/10/2017,01/10/2020,,SNP Policy 3
"MULTIPOLYGON (((573820.98 124057.7,573820.03 124054.44,573820.89 124054.19,573820.17 124051.65,573804.45 124057.48,573802.37 124058.26,573775.26 124060.93,573756.26 124060.02,573745.61 124060.96,573732.6 124064.27,573715.09 124074.21,573702.79 124076.58,573694.98 124081.07,573682.41 124083.45,573680.19 124083.79,573675.46 124084.51,573672.39 124085.35,573672.39 124089.43,573673.66 124088.82,573675.38 124088.82,573675.71 124089.0,573676.41 124090.53,573677.05 124093.33,573676.73 124096.26,573675.9 124099.31,573674.21 124101.54,573672.74 124102.47,573670.24 124103.79,573667.96 124104.7,573665.6 124105.38,573660.41 124108.02,573655.64 124113.16,573653.42 124116.88,573649.44 124126.91,573641.96 124138.97,573632.87 124158.84,573634 124160,573638.67 124165.76,573642.09 124171.52,573642.09 124177.1,573639.93 124182.68,573639.03 124189.7,573639.57 124196.18,573641.35 124205.89,573630.84 124235.81,573636.13 124237.67,573636.05 124237.8,573633.63 124243.21,573662.41 124256.1,573664.83 124250.69,573666.49 124243.63,573671.29 124230.03,573673.99 124224.34,573677.32 124220.2,573678.94 124217.14,573682.64 124210.13,573689.48 124200.5,573692.9 124196.19,573698.21 124197.18,573706.13 124198.61,573721.16 124199.74,573721.32 124197.32,573721.39 124196.33,573721.101 124187.087,573722.99 124186.73,573743.79 124182.23,573764.69 124177.53,573768.12 124176.6,573800.53 124170.04,573800.46 124169.69,573802.49 124169.23,573803.93 124161.75,573806.04 124161.79,573806.09 124159.15,573806.35 124154.99,573807.13 124148.63,573806.48 124148.55,573807.18 124144.86,573809.89 124145.43,573814.56 124123.23,573816.29 124114.83,573819.68 124101.37,573834.354 124097.333,573831.563 124089.909,573830.77 124087.8,573829.2 124083.75,573825.0 124072.53,573824.34 124072.14,573820.98 124057.7)))","37",RDCBLR0027,http://opendatacommunities.org/id/district-council/rother,RDCBLR0027,"Mill Site, Robertsbridge",https://www.rother.gov.uk/wp-content/uploads/2020/12/brownfieldlandregister_siteplans_2020.pdf,50.990412,0.474033,2.17,not owned by a public authority,pending decision,,,http://planweb01.rother.gov.uk/OcellaWeb/planningDetails?reference=RR/2017/382/P&from=planningSearch|http://planweb01.rother.gov.uk/OcellaWeb/planningDetails?reference=RR/2017/383/L&from=planningSearch|http://planweb01.rother.gov.uk/OcellaWeb/planningDeta,yes,"54","87",,,01/10/2017,01/10/2020,,"RR/2017/382/P, SRNP Policy HO3, SHLAA RB9"
"MULTIPOLYGON (((577646.55 120368.96,577659.15 120371.46,577660.05 120366.56,577657.34 120366.06,577658.28 120361.58,577658.34 120361.26,577660.82 120361.12,577664.84 120362.88,577665.41 120365.42,577667.6 120355.3,577666.5 120355.3,577665.5 120353.0,577660 120339,577660.08 120338.2,577660.41 120335.1,577660.9 120330.37,577657.3 120330.0,577651.6 120316.7,577654.3 120315.0,577656.1 120314.1,577657.7 120314.0,577659.9 120314.4,577662.4 120314.7,577665.3 120314.3,577665.8 120306.1,577666.3 120304.0,577666.9 120302.8,577667.9 120301.8,577668.2 120296.1,577666.7 120296.0,577655.0 120294.9,577654.6 120299.5,577653.0 120299.1,577649.98 120298.92,577647.67 120299.4,577644.67 120301.0,577643.47 120302.5,577642.97 120303.9,577642.97 120306.1,577643.67 120307.9,577643.87 120309.6,577628.32 120309.7,577628.27 120304.3,577618.77 120304.3,577618.77 120302.6,577609.87 120302.6,577609.87 120306.654,577607.47 120306.7,577598.87 120306.8,577598.97 120313.8,577592.7 120313.9,577586.5 120313.3,577583.2 120313.5,577582.1 120313.5,577577.87 120316.51,577576.17 120318.81,577574.67 120321.91,577573.47 120324.81,577574.106 120332.359,577559.9 120332.6,577558.1 120332.5,577556.6 120333.3,577556.1 120334.7,577556.1 120336.5,577555.7 120338.7,577554.5 120339.3,577553.6 120340.5,577552.9 120341.9,577551.39 120345.32,577552.0 120346.4,577552.82 120347.75,577553.98 120348.24,577555.38 120348.64,577559.68 120350.14,577563.78 120351.64,577566.68 120352.48,577568.98 120353.14,577574.68 120355.24,577575.38 120355.45,577576.88 120355.04,577581.68 120355.34,577584.49 120354.79,577585.8 120355.3,577586.25 120355.408,577596.2 120357.8,577600.4 120359.3,577605.5 120360.2,577611.99 120360.48,577618.28 120360.54,577624.88 120360.74,577631.78 120360.74,577638.08 120360.64,577644.08 120360.94,577648.283 120360.871,577646.55 120368.96)))","38",RDCBLR0026,http://opendatacommunities.org/id/district-council/rother,RDCBLR0026,"Land at Sedlescombe Sawmills, Sedlescombe",https://www.rother.gov.uk/wp-content/uploads/2020/12/brownfieldlandregister_siteplans_2020.pdf,50.955060,0.527576,0.51,not owned by a public authority,not permissioned,,,http://planweb01.rother.gov.uk/OcellaWeb/planningDetails?reference=RR/2016/717/O&from=planningSearch,yes,"6","8",,,01/10/2017,01/10/2020,,SNP Policy 5
"MULTIPOLYGON (((573768.6 108304.35,573769.3 108304.31,573785.35 108303.45,573788.101 108301.042,573808.008 108293.286,573806.866 108279.474,573804.564 108252.097,573803.029 108232.937,573802.61 108227.4,573801.61 108215.98,573800.13 108199.09,573799.861 108196.013,573799.45 108191.32,573799.28 108189.29,573799.27 108189.23,573798.58 108181.93,573798.57 108181.78,573797.95 108176.08,573797.94 108175.92,573797.31 108167.24,573796.87 108161.14,573804.6 108161.0,573804.68 108161.0,573807.18 108160.95,573812.5 108160.85,573820.8 108160.75,573822.8 108160.75,573824.7 108160.95,573824.9 108160.95,573832.55 108161.7,573836.78 108162.11,573847.35 108162.869,573857.957 108163.941,573858.805 108160.135,573858.773 108160.142,573858.447 108160.209,573858.456 108160.125,573859.606 108149.904,573862.413 108149.187,573864.434 108148.67,573862.65 108140.062,573860.861 108131.435,573861.339 108131.16,573865.283 108128.887,573860.823 108115.716,573856.125 108102.122,573850.938 108086.904,573850.485 108085.279,573846.113 108069.609,573844.691 108064.512,573836.276 108062.803,573832.951 108048.652,573816.996 108051.513,573802.6 108054.35,573799.4 108054.95,573794.75 108055.95,573790.45 108056.9,573785.15 108058.2,573781.2 108059.3,573774.0 108061.4,573762.85 108064.7,573740.16 108071.081,573739.91 108081.366,573739.9 108081.45,573739.6 108086.95,573739.45 108087.0,573738.75 108111.2,573738.35 108149.45,573737.8 108149.4,573737.7 108159.15,573737.7 108162.65,573738.1 108164.95,573738.65 108165.1,573739.15 108165.25,573739.85 108165.65,573740.15 108165.85,573740.75 108166.35,573743.258 108168.033,573743.604 108167.832,573744.997 108169.628,573744.85 108170.618,573744.105 108175.615,573743.939 108176.5,573743.59 108178.367,573744.162 108178.675,573746.391 108179.876,573746.755 108180.072,573747.415 108180.427,573746.669 108182.111,573746.709 108185.594,573746.849 108197.716,573747.153 108227.532,573747.451 108252.275,573747.731 108288.002,573747.868 108290.719,573747.79 108304.808,573741.1 108305.05,573724.95 108305.9,573714.147 108306.297,573711.15 108330.2,573710.8 108339.15,573720.7 108339.55,573720.1 108354.15,573726.6 108354.4,573726.4 108356.95,573750.5 108357.63,573752.54 108311.67,573752.65 108309.17,573754.05 108309.05,573755.75 108308.7,573757.7 108308.25,573758.2 108308.15,573761.25 108307.35,573764.2 108306.15,573767.6 108304.85,573768.6 108304.35)))","39",RDCBLR0030,http://opendatacommunities.org/id/district-council/rother,RDCBLR0030,"Former High School Site and Drill Halls, Down Road, Bexhill",https://www.rother.gov.uk/wp-content/uploads/2020/12/brownfieldlandregister_siteplans_2020.pdf,50.846991,0.467261,2.18,mixed ownership,not permissioned,,,http://planweb01.rother.gov.uk/OcellaWeb/planningDetails?reference=RR/2019/430/P&from=planningSearch|http://planweb01.rother.gov.uk/OcellaWeb/planningDetails?reference=RR/2014/612/P&from=planningSearch|http://planweb01.rother.gov.uk/OcellaWeb/planningDeta,yes,"35","54",,"This brownfield site is part of a larger site that includes a small element of greenfield land. The whole site, including the greenfield part, is allocated in the DaSA for either some 35 houses or some 36 flats and 18 houses. In both cases, 30% of the dwe",01/10/2017,01/10/2020,,"DaSA BEX4, LP2006 BX9, SHLAA BX4"
"MULTIPOLYGON (((573859.7 107405.7,573858.0 107414.75,573857.4 107414.8,573856.67 107419.35,573866.85 107421.7,573872.92 107423.12,573881.96 107425.24,573886.78 107398.04,573887.75 107392.55,573862.95 107388.15,573861.6 107395.15,573859.7 107405.7)))","40",RDCBLR0031,http://opendatacommunities.org/id/district-council/rother,RDCBLR0031,"St Andrew's Church, Wickham Avenue, Bexhill",https://www.rother.gov.uk/wp-content/uploads/2020/12/brownfieldlandregister_siteplans_2020.pdf,50.840047,0.468145,0.08,not owned by a public authority,permissioned,full planning permission,20/04/2018,http://planweb01.rother.gov.uk/OcellaWeb/planningDetails?reference=RR/2019/980/P&from=planningSearch|http://planweb01.rother.gov.uk/OcellaWeb/planningDetails?reference=RR/2018/273/P&from=planningSearch|http://planweb01.rother.gov.uk/OcellaWeb/planningDeta,,"11","11",,"RR/2018/273/P - Conversion of redundant church building into 11 flats including external alterations and erection of bin store and bike/external store building. December 2020 - developemnt on site has commenced, therefore, for the purposes of the register",01/10/2018,01/10/2020,01/01/2019,RR/2018/273/P
"MULTIPOLYGON (((573388.565 108012.685,573398.363 108013.849,573413.512 108013.402,573413.538 108013.4,573427.86 108012.816,573426.207 108000.065,573426.203 108000.039,573425.26 107992.79,573425.261 107992.764,573425.265 107992.738,573425.27 107992.712,573425.288 107992.663,573425.314 107992.618,573425.348 107992.578,573425.388 107992.544,573425.433 107992.518,573425.482 107992.5,573425.508 107992.495,573425.551 107992.49,573441.777 107992.016,573429.623 107975.065,573429.607 107975.015,573429.603 107974.989,573429.6 107974.963,573429.6 107974.937,573429.603 107974.911,573429.614 107974.86,573429.634 107974.811,573429.662 107974.767,573429.697 107974.729,573429.739 107974.697,573460.292 107955.207,573458.898 107952.647,573433.694 107968.228,573433.663 107968.252,573432.784 107968.818,573432.245 107969.085,573431.335 107969.388,573430.447 107969.646,573430.421 107969.649,573429.0 107969.75,573427.467 107969.748,573426.98 107969.692,573426.955 107969.685,573426.466 107969.518,573426.346 107969.457,573425.788 107969.112,573425.626 107968.949,573425.195 107968.458,573425.171 107968.411,573425.084 107968.193,573408.024 107944.302,573394.281 107954.463,573392.399 107968.63,573389.249 107999.984,573389.25 108000.016,573388.565 108012.685)))","41",RDCBLR0032,http://opendatacommunities.org/id/district-council/rother,RDCBLR0032,"Oliver's Printers, Eastwood Road, Bexhill",https://www.rother.gov.uk/wp-content/uploads/2020/12/brownfieldlandregister_siteplans_2020.pdf,50.845414,0.461850,0.24,not owned by a public authority,permissioned,full planning permission,13/02/2018,http://planweb01.rother.gov.uk/OcellaWeb/planningDetails?reference=RR/2019/454/P&from=planningSearch|http://planweb01.rother.gov.uk/OcellaWeb/planningDetails?reference=RR/2019/139/P&from=planningSearch|http://planweb01.rother.gov.uk/OcellaWeb/planningDeta,,"13","13",,"RR/2018/2052/P - Demolition of existing building and erection of 13 dwellings comprising 11 x 2 bedroom houses and 2 x 3 bedroom houses together with parking and access. December 2020 the site has been developed, therefore for the purposes of the register",01/10/2018,01/10/2020,01/05/2019,"RR/2018/2052/P, RR/2017/864/P"
"MULTIPOLYGON (((574254.2 107217.1,574254.16 107217.44,574254.05 107218.45,574253.5 107221.8,574256.04 107222.23,574278.08 107225.98,574278.83 107221.53,574279.98 107214.69,574255.15 107210.45,574254.2 107217.1)))","43",RDCBLR0033,http://opendatacommunities.org/id/district-council/rother,RDCBLR0033,"58-60 Devonshire Road, Bexhill",https://www.rother.gov.uk/wp-content/uploads/2020/12/brownfieldlandregister_siteplans_2020.pdf,50.838239,0.473646,0.03,not owned by a public authority,permissioned,full planning permission,27/11/2017,http://planweb01.rother.gov.uk/OcellaWeb/planningDetails?reference=RR/2019/1905/P&from=planningSearch|http://planweb01.rother.gov.uk/OcellaWeb/planningDetails?reference=RR/2017/2122/P&from=planningSearch,,"6","6",,"RR/2017/2122/P - Conversion of upper floors to 6 self-contained flats. December 2020 - developemnt on site has commenced, therefore, for the purposes of the register this entry is now closed and an end date has been added.",01/10/2018,01/10/2020,13/06/2019,RR/2017/2122/P
"MULTIPOLYGON (((575290.61 108206.04,575290.25 108207.2,575281.35 108237.01,575286.95 108239.5,575288.1 108240.05,575294.55 108242.7,575307.95 108247.85,575309.2 108248.4,575311.2 108249.3,575312.1 108246.55,575312.5 108245.3,575320.2 108217.9,575320.71 108215.947,575290.61 108206.04)))","44",RDCBLR0034,http://opendatacommunities.org/id/district-council/rother,RDCBLR0034,"128 Dorset Road, Bexhill",https://www.rother.gov.uk/wp-content/uploads/2020/12/brownfieldlandregister_siteplans_2020.pdf,50.846811,0.488874,0.11,not owned by a public authority,permissioned,full planning permission,03/04/2018,http://planweb01.rother.gov.uk/OcellaWeb/planningDetails?reference=RR/2018/13/P&from=planningSearch|http://planweb01.rother.gov.uk/OcellaWeb/planningDetails?reference=RR/2018/2029/P&from=planningSearch,,"14","14",,,01/10/2018,01/10/2020,01/07/2018,RR/2018/13/P
"MULTIPOLYGON (((575257.01 108225.84,575262.68 108208.59,575263.26 108206.67,575268.361 108191.003,575248.945 108184.251,575248.25 108186.3,575242.9 108202.45,575238.04 108216.38,575246.2 108220.35,575257.01 108225.84)))","45",RDCBLR0035,http://opendatacommunities.org/id/district-council/rother,RDCBLR0035,"124 Dorset Road, Bexhill",https://www.rother.gov.uk/wp-content/uploads/2020/12/brownfieldlandregister_siteplans_2020.pdf,50.846663,0.488184,0.07,not owned by a public authority,permissioned,full planning permission,04/04/2018,http://planweb01.rother.gov.uk/OcellaWeb/planningDetails?reference=RR/2018/14/P&from=planningSearch,,"13","13",,,01/10/2018,01/10/2020,01/01/2019,RR/2018/14/P
"MULTIPOLYGON (((592276.527 120646.706,592275.065 120642.126,592273.571 120637.773,592271.427 120632.12,592269.543 120628.157,592264.768 120619.419,592240.372 120630.918,592240.307 120631.731,592242.906 120632.023,592243.653 120632.965,592244.433 120633.452,592244.952 120633.777,592246.479 120634.394,592247.844 120635.141,592248.591 120637.545,592250.182 120639.722,592252.131 120641.671,592254.048 120643.1,592254.795 120643.36,592255.802 120643.1,592256.712 120642.97,592261.162 120643.133,592261.552 120647.291,592276.527 120646.706)))","46",RDCBLR0036,http://opendatacommunities.org/id/district-council/rother,RDCBLR0036,"Skinners of Rye, Rye",https://www.rother.gov.uk/wp-content/uploads/2020/12/brownfieldlandregister_siteplans_2020.pdf,50.953086,0.736066,0.05,mixed ownership,permissioned,full planning permission,20/11/2017,http://planweb01.rother.gov.uk/OcellaWeb/planningDetails?reference=RR/2017/909/P&from=planningSearch,yes,"6","6",,"Demolition of existing workshop. Erection of 4 new units with commercial use on the ground floor and residential on upper storeys. Refurbishment of existing three storey commercial unit, approximately 159 sqm; creation of two new apartments on the first a",01/10/2018,01/10/2020,,RR/2017/909/P
"MULTIPOLYGON (((569683.317 108303.742,569689.736 108307.242,569696.23 108294.7,569746.27 108223.58,569748.19 108220.86,569748.61 108220.24,569751.0 108216.83,569760.832 108202.753,569762.56 108200.28,569771.228 108172.201,569772.08 108169.44,569773.598 108163.884,569774.413 108160.901,569775.66 108156.34,569776.6 108152.86,569765.66 108127.73,569754.93 108110.01,569756.2 108109.16,569775.76 108104.28,569779.16 108102.63,569787.65 108092.98,569791.63 108088.21,569793.39 108086.28,569796.34 108083.06,569797.207 108081.926,569800.12 108078.12,569795.25 108074.57,569797.65 108071.48,569798.02 108071.01,569800.07 108068.37,569800.54 108067.76,569801.61 108030.98,569794.73 108004.539,569792.79 108007.04,569791.89 108008.13,569784.89 108016.84,569769.49 108035.44,569756.79 108051.44,569746.36 108064.58,569745.56 108065.68,569735.16 108078.78,569714.64 108102.57,569714.18 108102.12,569711.38 108104.63,569688.22 108105.45,569686.05 108104.56,569682.55 108103.11,569659.3 108059.91,569658.5 108044.75,569623.54 108047.09,569597.256 108042.608,569604.034 108008.303,569582.344 108004.563,569568.881 108006.807,569566.46 107995.75,569554.91 108000.0,569553.15 108000.66,569552.27 108000.0,569532.74 107985.53,569531.62 107987.19,569530.94 107988.2,569530.77 107988.45,569519.36 107988.44,569511.1 107999.52,569511.62 108000.0,569512.36 108000.58,569510.04 108003.42,569507.69 108006.6,569513.4 108010.81,569515.75 108007.63,569518.04 108009.32,569506.14 108025.32,569501.36 108042.54,569502.46 108048.06,569515.1 108111.8,569520.622 108178.737,569520.78 108180.649,569521.7 108191.8,569527.89 108280.74,569532.19 108285.06,569600 108319,569635.714 108336.868,569660.504 108292.523,569683.317 108303.742)))","47",RDCBLR0038,http://opendatacommunities.org/id/district-council/rother,RDCBLR0038,"Land at Northeye (Former UAE Technical Training Project), Bexhill",https://www.rother.gov.uk/wp-content/uploads/2020/12/brownfieldlandregister_siteplans_2020.pdf,50.848355,0.408429,6.36,not owned by a public authority,not permissioned,,,http://planweb01.rother.gov.uk/OcellaWeb/planningDetails?reference=RR/1999/2076/P&from=planningSearch|http://planweb01.rother.gov.uk/OcellaWeb/planningDetails?reference=RR/1999/1428/P&from=planningSearch|http://planweb01.rother.gov.uk/OcellaWeb/planningDe,yes,"140","140",,"This brownfield site is part of a larger site that includes greenfield land. The site is allocated in the DaSA for some 140 dwellings, of which 30% should be provided as affordable housing.  A full size adult football pitch and/or a senior cricket pitch s",01/10/2018,01/10/2020,,DaSA BEX10
"MULTIPOLYGON (((582517.39 119824.28,582541.57 119817.88,582542.7 119817.37,582545.1 119815.77,582548.4 119813.47,582556.43 119807.5,582558.411 119781.693,582558.48 119780.8,582553.07 119769.88,582549.61 119762.53,582549.06 119761.07,582548.8 119760.38,582548.55 119759.72,582534.7 119764.34,582521.61 119768.92,582505.22 119774.56,582500.646 119776.099,582505.25 119800.0,582506.73 119799.64,582510.89 119798.606,582517.39 119824.28)))","48",RDCBLR0039,http://opendatacommunities.org/id/district-council/rother,RDCBLR0039,"Land adj Rainbow Trout, Chitcombe Road, Broad Oak",https://www.rother.gov.uk/wp-content/uploads/2020/12/brownfieldlandregister_siteplans_2020.pdf,50.948666,0.597195,0.25,not owned by a public authority,permissioned,full planning permission,04/03/2020,http://planweb01.rother.gov.uk/OcellaWeb/planningDetails?reference=RR/2018/1813/P&from=planningSearch|http://planweb01.rother.gov.uk/OcellaWeb/planningDetails?reference=RR/2018/626/P&from=planningSearch,yes,"8","8",,,01/10/2019,01/10/2020,,"DaSA BRO2, RR/2018/1813/P"
"MULTIPOLYGON (((591795.34 120418.59,591791.33 120403.59,591791.07 120402.61,591790.66 120401.07,591790.05 120398.81,591775.16 120402.8,591774.8 120402.9,591779.51 120420.68,591780.2 120423.3,591795.5 120419.2,591795.34 120418.59)))","49",RDCBLR0040,http://opendatacommunities.org/id/district-council/rother,RDCBLR0040,"48 Ferry Road, Rye",https://www.rother.gov.uk/wp-content/uploads/2020/12/brownfieldlandregister_siteplans_2020.pdf,50.951216,0.729107,0.03,not owned by a public authority,permissioned,full planning permission,14/03/2019,http://planweb01.rother.gov.uk/OcellaWeb/planningDetails?reference=RR/2018/1828/P&from=planningSearch,yes,"7","7",,RR/2018/1828/P - Change of use of night club and private members club to residential use with parking and A3 use on the ground floor. December 2020 - No change,01/10/2019,01/10/2020,,RR/2018/1828/P
"MULTIPOLYGON (((573286.9 108027.0,573287.76 108026.91,573291.75 108026.5,573291.7 108025.75,573316.3 108023.3,573331.6 108022.2,573331.05 108012.2,573323.15 108012.55,573322.9 108009.3,573321.05 108008.9,573318.6 108008.55,573309.2 108006.0,573304.45 108004.5,573298.65 108003.9,573298.25 108003.5,573295.15 108000.4,573290.69 108004.38,573285.8 108008.75,573285.25 108010.1,573285.27 108010.41,573282.076 108012.979,573280.969 108013.87,573280.482 108018.505,573279.453 108028.29,573279.115 108039.974,573279.054 108042.076,573279.004 108043.822,573279.104 108050.121,573279.113 108050.704,573279.185 108055.289,573279.19 108055.595,573283.2 108054.85,573283.1 108052.35,573283.3 108046.5,573283.5 108041.05,573283.6 108039.1,573283.79 108036.37,573284.42 108027.25,573285.85 108027.05,573286.9 108027.0)))","54",RDCBLR0041,http://opendatacommunities.org/id/district-council/rother,RDCBLR0041,"8 Chandler Road, Bexhill",https://www.rother.gov.uk/wp-content/uploads/2020/12/brownfieldlandregister_siteplans_2020.pdf,50.845707,0.460346,0.10,not owned by a public authority,not permissioned,,,http://planweb01.rother.gov.uk/OcellaWeb/planningDetails?reference=RR/2019/487/P&from=planningSearch,,"5","5",,Application RR/2019/487/P for the proposed demolition of the existing commercial factory and construction of five new houses was withdrawn by the applicant following concerns raised by the LPA in relation to inadequate information submitted in relation to,01/10/2019,01/10/2020,,RR/2019/487/P
"MULTIPOLYGON (((592137.833 120646.407,592138.687 120646.333,592149.74 120645.37,592164.02 120643.59,592167.53 120643.15,592173.83 120642.95,592173.52 120640.87,592172.64 120634.96,592172.33 120632.86,592171.67 120628.43,592171.03 120624.15,592170.67 120620.15,592170.62 120619.56,592170.53 120618.55,592166.93 120617.45,592165.77 120616.89,592163.23 120615.65,592160.23 120611.15,592161.88 120609.71,592161.37 120609.1,592170.63 120601.28,592166.93 120597.25,592158.63 120605.65,592155.83 120602.95,592154.33 120604.55,592150.23 120600.65,592149.074 120601.87,592149.041 120601.839,592145.296 120598.276,592144.65 120597.659,592144.56 120598.433,592143.66 120606.006,592139.052 120636.55,592138.263 120641.69,592137.833 120646.407)))","55",RDCBLR0042,http://opendatacommunities.org/id/district-council/rother,RDCBLR0042,"17-19 Tower Street, Rye",https://www.rother.gov.uk/wp-content/uploads/2020/12/brownfieldlandregister_siteplans_2020.pdf,50.953024,0.734467,0.12,not owned by a public authority,permissioned,full planning permission,15/08/2019,http://planweb01.rother.gov.uk/OcellaWeb/planningDetails?reference=RR/2017/2217/P&from=planningSearch,yes,"6","6",,RR/2017/2217/P - Refurbishment of existing units. Change of use of 6 units from commercial to residential. Change of use of former stable block to offices and/or shops. Minor landscaping works to the courtyard. December 2020 - No change,01/10/2019,01/10/2020,,RR/2017/2217/P
"MULTIPOLYGON (((591975.263 120050.917,592017.144 120052.772,592023.466 120056.563,592050.146 120044.847,592049.934 120044.051,592050.305 120042.859,592049.483 120040.393,592059.742 120037.107,592060.166 120038.114,592062.286 120037.107,592063.134 120036.152,592064.208 120035.728,592064.705 120028.399,592074.778 120027.14,592093.585 120024.834,592092.26 120018.949,592091.544 120015.609,592093.055 120016.033,592095.746 120016.961,592096.038 120017.054,592095.521 120009.234,592093.996 120009.141,592092.472 120008.982,592091.906 120008.93,592090.772 120008.745,592089.851 120008.586,592088.016 120008.142,592087.009 120007.83,592083.894 120003.178,592082.913 120001.707,592082.194 120000.74,592080.24 119998.182,592077.211 119994.173,592074.322 119993.471,592068.689 119992.052,592059.099 119989.693,592043.506 119983.014,592030.709 119977.513,591983.501 119957.249,591980.672 119958.11,591980.937 119959.011,591979.214 119959.409,591974.31 119961.185,591971.553 119962.616,591963.999 119971.178,591961.507 119975.101,591959.413 119979.978,591955.94 119991.138,591953.396 119998.242,591968.452 120002.112,591974.602 120002.854,591978.631 120004.444,591978.71 120005.505,591979.002 120007.069,591979.028 120008.076,591979.399 120008.553,591981.228 120009.719,591982.493 120010.594,591981.407 120013.669,591980.691 120016.28,591979.459 120020.601,591978.929 120022.563,591978.425 120025.226,591978.12 120026.168,591977.352 120027.48,591976.808 120028.699,591976.487 120029.415,591970.688 120028.898,591949.165 120027.705,591948.714 120036.479,591949.271 120039.871,591951.153 120049.918,591952.107 120054.291,591953.459 120060.786,591953.83 120062.456,591954.387 120063.834,591954.824 120066.114,591956.945 120071.203,591955.884 120086.206,591955.725 120088.009,591954.771 120092.356,591953.87 120097.922,591952.12 120100.361,591950.689 120108.896,591950.848 120110.752,591950.106 120111.918,591949.894 120112.607,591948.303 120113.827,591945.971 120126.55,591946.236 120126.497,591944.91 120135.669,591953.552 120134.502,591955.778 120150.195,591973.856 120147.491,591972.054 120146.484,591970.993 120145.688,591970.039 120144.469,591969.721 120143.568,591969.244 120135.642,591967.335 120135.695,591967.442 120112.263,591969.456 120112.21,591969.522 120104.39,591969.204 120104.205,591969.178 120103.887,591969.204 120103.462,591969.469 120103.303,591970.264 120103.25,591972.199 120103.144,591972.796 120095.166,591970.94 120095.166,591971.259 120081.859,591971.63 120072.74,591972.16 120066.22,591972.69 120062.138,591974.28 120054.556,591975.263 120050.917)))","56",RDCBLR0043,http://opendatacommunities.org/id/district-council/rother,RDCBLR0043,"Bridge Point, Rock Channel, Rye",https://www.rother.gov.uk/wp-content/uploads/2020/12/brownfieldlandregister_siteplans_2020.pdf,50.947573,0.732168,1.04,not owned by a public authority,pending decision,,22/05/2020,http://planweb01.rother.gov.uk/OcellaWeb/planningDetails?reference=RR/2019/789/P&from=planningSearch,yes,"11","11",,"This site is part of a larger site which has been allocated in the Rye Neighbourhood Plan (adopted July 2019) for at least 30 dwellings. In this site the design of any proposed scheme shall be innovative, of high architectural quality to enhance setting a",01/10/2019,01/10/2020,,"RNP H4, RR/2019/789/P"
"MULTIPOLYGON (((591972.15 120104.25,591974.05 120104.15,591981.75 120104.05,591993.65 120104.45,591993.73 120108.45,591993.85 120113.97,591995.72 120113.98,592000.14 120114.0,592000.85 120114.0,592019.45 120114.52,592020.45 120114.55,592023.85 120114.41,592038.36 120113.8,592042.55 120113.63,592046.26 120113.47,592046.75 120113.45,592048.56 120113.36,592056.86 120112.95,592058.95 120112.85,592066.35 120112.95,592077.05 120113.85,592081.14 120114.31,592086.75 120114.95,592091.44 120115.63,592107.55 120117.95,592112.37 120119.79,592114.73 120120.68,592128.9 120088.22,592110.15 120080.65,592125.67 120050.42,592124.61 120049.67,592118.45 120045.35,592114.95 120042.65,592113.17 120020.17,592127.26 120018.29,592128.25 120016.78,592128.85 120015.86,592132.86 120008.66,592133.03 120008.75,592134.03 120007.0,592135.08 120005.14,592135.93 120003.65,592135.89 120000.91,592134.91 119999.79,592134.1 119998.86,592129.09 119997.99,592128.16 119997.83,592107.28 119994.21,592083.27 119995.41,592082.43 119995.45,592081.89 119995.32,592077.19 119994.16,592080.24 119998.182,592082.194 120000.74,592082.913 120001.707,592083.894 120003.178,592087.009 120007.83,592088.016 120008.142,592089.851 120008.586,592090.772 120008.745,592091.906 120008.93,592092.472 120008.982,592093.996 120009.141,592095.521 120009.234,592096.038 120017.054,592095.746 120016.961,592093.055 120016.033,592091.544 120015.609,592092.26 120018.949,592093.585 120024.834,592074.778 120027.14,592064.705 120028.399,592064.208 120035.728,592063.134 120036.152,592062.286 120037.107,592060.166 120038.114,592059.742 120037.107,592049.483 120040.393,592050.305 120042.859,592049.934 120044.051,592050.146 120044.847,592023.466 120056.563,592017.144 120052.772,591975.263 120050.917,591974.28 120054.556,591972.69 120062.138,591972.16 120066.22,591971.63 120072.74,591971.259 120081.859,591970.94 120095.166,591972.796 120095.166,591972.199 120103.144,591972.15 120104.25)))","57",RDCBLR0044,http://opendatacommunities.org/id/district-council/rother,RDCBLR0044,"Rock Channel, Rye",https://www.rother.gov.uk/wp-content/uploads/2020/12/brownfieldlandregister_siteplans_2020.pdf,50.948169,0.732830,1.18,not owned by a public authority,not permissioned,,,http://planweb01.rother.gov.uk/OcellaWeb/planningDetails?reference=RR/2000/574/P&from=planningSearch|http://planweb01.rother.gov.uk/OcellaWeb/planningDetails?reference=RR/1999/362/P&from=planningSearch,yes,"19","19",,"This site is part of a larger site which has been allocated in the Rye Neighbourhood Plan (adopted July 2019) for 30 dwellings. The adopted policy in the Neighbourhood Plan for the entire site, including the greenfield part, sets out that the design of an",01/10/2019,01/10/2020,,RNP H4
"MULTIPOLYGON (((591730.587 120246.239,591730.68 120246.52,591732.7 120245.28,591743.11 120239.0,591852.9 120172.0,591854.6 120170.9,591859.5 120167.5,591862.1 120165.4,591865.3 120162.9,591868.4 120160.1,591875.3 120152.9,591919.98 120105.91,591917.1 120103.17,591923.61 120091.4,591924.2 120089.97,591924.74 120088.52,591925.61 120085.63,591925.97 120084.12,591926.27 120082.61,591926.64 120079.96,591929.328 120050.427,591929.45 120049.09,591926.86 120046.74,591927.29 120034.04,591927.15 120031.1,591930.61 120001.78,591931.03 120000.0,591939.76 119964.39,591941.07 119959.05,591942.52 119956.23,591945.89 119951.46,591949.54 119946.7,591953.67 119942.32,591958.06 119938.38,591968.33 119931.71,591975.59 119925.85,591977.22 119924.52,591976.07 119922.95,591974.28 119920.5,591973.54 119917.49,591973.13 119915.84,591972.01 119911.28,591971.73 119910.11,591971.34 119908.56,591969.91 119902.73,591969.5 119901.08,591967.83 119894.29,591967.43 119892.63,591965.54 119884.96,591965.13 119883.31,591964.23 119879.62,591962.69 119869.37,591962.94 119869.1,591962.25 119868.79,591960.83 119868.14,591960.44 119860.02,591959.46 119857.84,591957.03 119857.88,591945.2 119865.44,591935.82 119871.54,591911.72 119888.14,591910.72 119888.94,591909.12 119890.44,591908.82 119890.84,591906.72 119893.14,591906.28 119894.01,591905.62 119893.54,591900.22 119898.15,591899.21 119901.31,591899.21 119904.54,591899.97 119908.83,591900.07 119909.43,591901.87 119918.23,591904.27 119933.63,591905.57 119946.73,591905.97 119951.23,591905.97 119952.83,591906.27 119965.91,591905.76 119975.88,591904.68 119984.71,591903.31 119991.03,591903.03 119992.47,591902.27 119996.3,591901.57 120000.0,591901.35 120001.28,591900.25 120007.53,591885.26 120059.17,591883.46 120064.77,591880.46 120072.67,591874.96 120086.37,591873.26 120089.87,591869.96 120096.27,591865.9 120103.3,591864.4 120105.6,591856.19 120117.542,591855.851 120118.0,591847.943 120128.678,591841.514 120137.012,591832.314 120147.982,591821.173 120159.387,591812.978 120166.553,591808.968 120169.563,591805.22 120172.19,591803.52 120173.298,591800.541 120175.238,591791.41 120180.736,591790.995 120180.968,591788.815 120182.189,591785.106 120183.997,591779.008 120186.969,591778.897 120187.023,591766.705 120192.36,591766.612 120192.4,591754.338 120197.681,591747.339 120201.429,591744.521 120203.415,591743.113 120204.518,591742.571 120204.977,591741.749 120205.673,591740.433 120206.88,591739.171 120208.139,591737.969 120209.45,591736.833 120210.815,591735.769 120212.233,591734.782 120213.704,591733.878 120215.229,591733.063 120216.808,591731.944 120219.43,591731.463 120220.776,591731.033 120222.139,591730.65 120223.517,591730.255 120225.206,591729.963 120226.767,591729.731 120228.339,591729.557 120229.919,591729.433 120231.503,591729.39 120234.614,591729.45 120236.455,591729.517 120238.296,591729.709 120242.918,591730.1 120244.37,591730.4 120245.67,591730.587 120246.239)))","58",RDCBLR0045,http://opendatacommunities.org/id/district-council/rother,RDCBLR0045,"Winchelsea Road (East Side), Rye",https://www.rother.gov.uk/wp-content/uploads/2020/12/brownfieldlandregister_siteplans_2020.pdf,50.948122,0.730634,1.71,not owned by a public authority,not permissioned,,,http://planweb01.rother.gov.uk/OcellaWeb/planningDetails?reference=RR/2019/1779/P&from=planningSearch|http://planweb01.rother.gov.uk/OcellaWeb/planningDetails?reference=RR/2000/2219/P&from=planningSearch|http://planweb01.rother.gov.uk/OcellaWeb/planningDe,yes,"10","10",,"This site is allocated in the Rye Neighbourhood Plan (adopted July 2019) for mixed-use, including at least 10 dwellings, car parking or B1 employment. Development in this site shall be designed so that if it is developed in phases, the form of the develop",01/10/2019,01/10/2020,,RNP H5
"MULTIPOLYGON (((591745.0 120112.67,591754.6 120118.8,591781 120138,591784.198 120139.604,591787.06 120135.45,591787.3 120135.1,591792.03 120130.53,591794.02 120128.35,591795.76 120129.9,591797.42 120128.25,591805.97 120133.71,591807.12 120132.15,591820.91 120140.76,591825.22 120143.45,591831.93 120135.73,591838.5 120127.3,591833.03 120124.45,591822.4 120118.9,591816.27 120115.89,591809.17 120112.69,591811.47 120107.79,591813.347 120101.793,591817.232 120091.835,591820.361 120083.816,591823.516 120075.727,591825.093 120071.684,591825.116 120071.625,591826.848 120067.187,591831.119 120069.023,591833.326 120069.971,591841.735 120073.585,591842.525 120071.585,591843.2 120069.7,591844.73 120065.63,591846.33 120061.41,591848.06 120056.82,591849.62 120052.67,591854.05 120040.92,591856.1 120035.5,591858.6 120028.7,591852.63 120026.51,591851.64 120026.15,591840.28 120021.97,591833.43 120019.45,591827.86 120017.4,591822.79 120015.54,591817.5 120013.6,591816.15 120013.13,591822.95 120000.14,591823.01 120000.03,591821.24 119998.56,591818.84 119997.31,591811.16 119993.0,591802.57 119988.8,591802.52 119989.15,591802.29 119988.99,591801.7 119992.4,591801.2 119992.2,591800.8 119992.0,591800.4 119991.7,591800.3 119991.6,591798.1 119989.3,591796.11 119986.63,591791.98 119980.89,591790.31 119978.43,591789.4 119977.24,591788.44 119976.09,591786.82 119974.35,591768.3 120000.0,591767.64 120000.92,591682.69 120118.81,591700.55 120135.59,591701.2 120136.2,591705.4 120136.2,591715.4 120129.0,591717.9 120129.8,591718.1 120129.8,591719 120130,591719.8 120130.1,591720.7 120130.2,591722.3 120130.0,591723.9 120129.6,591724.7 120129.3,591725.4 120128.9,591727.0 120128.1,591727.6 120127.7,591727.8 120127.6,591736.2 120122.3,591738.1 120120.8,591740.1 120118.7,591741.5 120117.1,591745.0 120112.67)))","59",RDCBLR0046,http://opendatacommunities.org/id/district-council/rother,RDCBLR0046,"Winchelsea Road (West Side), Rye",https://www.rother.gov.uk/wp-content/uploads/2020/12/brownfieldlandregister_siteplans_2020.pdf,50.948154,0.728870,1.49,not owned by a public authority,not permissioned,,,http://planweb01.rother.gov.uk/OcellaWeb/planningDetails?reference=RR/2004/753/P&from=planningSearch|http://planweb01.rother.gov.uk/OcellaWeb/planningDetails?reference=RR/2003/683/P&from=planningSearch|http://planweb01.rother.gov.uk/OcellaWeb/planningDeta,yes,"20","20",,"This site is allocated in the Rye Neighbourhood Plan (adopted July 2019) for mixed-use, including at least 20 dwellings and B1 employment. Development in this site shall be designed so that if it is developed in phases, the form of the development does no",01/10/2019,01/10/2020,,RNP H6
"MULTIPOLYGON (((591829.78 120563.53,591824.05 120556.9,591811.85 120546.5,591808.0 120542.34,591804.327 120538.372,591795.32 120528.64,591789.45 120522.3,591772.55 120504.2,591771.45 120504.9,591761.45 120493.5,591761.85 120492.6,591735.85 120461.7,591738.68 120459.16,591745.65 120452.9,591741.45 120448.2,591734.75 120454.7,591732.29 120456.85,591698.29 120486.9,591700.19 120488.6,591701.53 120492.22,591702.32 120494.35,591703.41 120497.29,591722.57 120549.0,591723.29 120550.96,591723.5 120551.4,591721.5 120563.3,591718.0 120571.5,591723.54 120579.43,591819.95 120560.1,591829.78 120563.53)))","60",RDCBLR0047,http://opendatacommunities.org/id/district-council/rother,RDCBLR0047,"Former Thomas Peacocke School Site, Rye",https://www.rother.gov.uk/wp-content/uploads/2020/12/brownfieldlandregister_siteplans_2020.pdf,50.952261,0.728627,0.76,not owned by a public authority,pending decision,,,http://planweb01.rother.gov.uk/OcellaWeb/planningDetails?reference=RR/2017/1778/P&from=planningSearch|http://planweb01.rother.gov.uk/OcellaWeb/planningDetails?reference=RR/2015/750/P&from=planningSearch|http://planweb01.rother.gov.uk/OcellaWeb/planningDet,yes,"35","38",,"This brownfield site is part of a larger site that includes greenfield land. The whole site, including the greenfield part, is allocated in the Rye Neighbourhood Plan (adopted July 2019) for at least 50 dwellings. A site specific flood risk assessment sho",01/10/2019,01/10/2020,,"RNP H8, RR/2017/1778/P"
"MULTIPOLYGON (((576039.39 112855.44,576052.39 112851.44,576054.09 112856.04,576068.39 112850.74,576074.56 112848.27,576071.39 112834.24,576064.4 112821.45,576048.61 112827.49,576046.39 112828.34,576041.67 112834.58,576041.37 112836.58,576040.72 112842.79,576039.29 112854.14,576039.39 112855.44)))","61",RDCBLR0048,http://opendatacommunities.org/id/district-council/rother,RDCBLR0048,"Land adjacent to the Station Car Park, Crowhurst",https://www.rother.gov.uk/wp-content/uploads/2020/12/brownfieldlandregister_siteplans_2020.pdf,50.888205,0.501758,0.08,not owned by a public authority,not permissioned,,,,yes,"6","6",,This site is allocated in the Crowhurst Neighbourhood Plan (adopted July 2019) for 6 dwellings and it should provide affordable housing in accordance with the relevant policies. The development shall have regard to the High Weald AONB and it should be sup,01/10/2019,01/10/2020,,CNP CH3
"MULTIPOLYGON (((573911.747 107957.963,573907.531 107962.159,573898.718 107971.164,573901.8 107973.95,573904.4 107976.3,573916.55 107987.6,573918.045 107985.995,573919.05 107986.942,573925.02 107992.57,573932.79 108000.0,573932.96 108000.17,573933.11 108000.0,573933.27 107999.82,573938.34 107994.08,573938.38 107994.04,573941.17 107990.83,573945.96 107985.49,573946.23 107985.17,573945.7 107984.74,573936.94 107977.92,573933.51 107975.35,573931.28 107973.68,573922.85 107967.0,573911.747 107957.963)))","62",RDCBLR0049,http://opendatacommunities.org/id/district-council/rother,RDCBLR0049,"92 London Road, Bexhill",https://www.rother.gov.uk/wp-content/uploads/2020/12/brownfieldlandregister_siteplans_2020.pdf,50.845202,0.469096,0.08,not owned by a public authority,permissioned,full planning permission,18/08/2020,https://planweb01.rother.gov.uk/OcellaWeb/planningDetails?reference=RR/2019/2289/P&from=planningSearch,yes,"10","10",,RR/2019/2289/P - Proposed extension & change of use of hotel/public house to form offices at ground floor and 10no. self-contained flats at first & second floor. December 2020 - newly added site,01/10/2020,01/10/2020,,RR/2019/2289/P
"MULTIPOLYGON (((574109.48 107464.47,574121.46 107466.65,574125.31 107443.85,574126.64 107436.0,574126.83 107434.84,574122.12 107434.0,574120.7 107433.75,574114.82 107432.71,574114.7 107433.4,574106.02 107431.95,574097.32 107430.5,574092.1 107461.3,574109.48 107464.47)))","63",RDCBLR0050,http://opendatacommunities.org/id/district-council/rother,RDCBLR0050,"Bexhill Indoor Market, 28-34 Western Road, Bexhill",https://www.rother.gov.uk/wp-content/uploads/2020/12/brownfieldlandregister_siteplans_2020.pdf,50.840252,0.471378,0.09,not owned by a public authority,permissioned,full planning permission,17/07/2020,https://planweb01.rother.gov.uk/OcellaWeb/planningDetails?reference=RR/2019/2289/P&from=planningSearch,yes,"12","12",,"RR/2019/2302/P - Change of use of first floors to 7 No 1 bed flats, and the erection of an extension upwards to the rear and into the loft space including rear facing dormer creating additional 4 No. 1 bedroom and 1 No. 2 bedroom flats. All ground floor r",01/10/2020,01/10/2020,,RR/2019/2302/P
"MULTIPOLYGON (((574782.95 115838.01,574777.78 115836.58,574764.84 115833.19,574762.65 115842.22,574776.13 115845.75,574782.82 115847.91,574793.25 115851.25,574796.16 115852.05,574806.01 115854.79,574809.26 115845.31,574796.02 115841.3,574794.02 115840.69,574790.19 115839.75,574784.62 115838.38,574782.95 115838.01)))","64",RDCBLR0051,http://opendatacommunities.org/id/district-council/rother,RDCBLR0051,"8 High Street, Battle",https://www.rother.gov.uk/wp-content/uploads/2020/12/brownfieldlandregister_siteplans_2020.pdf,50.915598,0.485242,0.04,not owned by a public authority,permissioned,full planning permission,18/08/2020,http://planweb01.rother.gov.uk/OcellaWeb/planningDetails?reference=RR/2019/2812/P&from=planningSearch,yes,"5","5",,RR/2019/2812/P - Reconfiguration of shop unit to ground floor and conversion to 5no residential flats including renovation of building and minor internal alterations. Removal of pre-cast garage and replacement with bespoke timber framed detached home offi,01/10/2020,01/10/2020,,RR/2019/2812/P
"MULTIPOLYGON (((573865.283 108128.887,573858.052 108107.643,573853.842 108095.448,573850.89 108086.665,573847.309 108073.963,573845.639 108067.866,573844.72 108064.502,573843.498 108060.583,573849.68 108059.905,573848.906 108055.235,573848.688 108054.243,573848.325 108053.106,573847.89 108052.187,573847.381 108051.267,573846.97 108050.614,573846.317 108049.719,573845.458 108048.848,573844.417 108047.88,573843.232 108047.057,573842.845 108046.767,573841.732 108046.38,573840.764 108046.138,573838.877 108045.993,573836.989 108046.017,573836.118 108046.09,573833.65 108046.622,573830.771 108047.154,573826.524 108048.219,573756.62 108066.608,573753.765 108057.22,573731.141 108064.527,573735.279 108079.529,573737.989 108078.997,573739.598 108081.005,573739.91 108081.366,573739.9 108081.45,573739.6 108086.95,573739.45 108087.0,573738.75 108111.2,573738.35 108149.45,573737.8 108149.4,573737.7 108159.15,573737.7 108162.65,573738.1 108164.95,573738.65 108165.1,573739.15 108165.25,573739.85 108165.65,573740.15 108165.85,573740.75 108166.35,573743.258 108168.033,573743.604 108167.832,573744.997 108169.628,573744.85 108170.618,573744.105 108175.615,573743.939 108176.5,573743.59 108178.367,573744.162 108178.675,573746.391 108179.876,573746.755 108180.072,573747.415 108180.427,573746.669 108182.111,573746.709 108185.594,573746.849 108197.716,573747.153 108227.532,573747.451 108252.275,573747.731 108288.002,573747.868 108290.719,573747.79 108304.808,573741.1 108305.05,573724.95 108305.9,573714.147 108306.297,573711.15 108330.2,573710.8 108339.15,573720.7 108339.55,573720.1 108354.15,573726.6 108354.4,573726.4 108356.95,573750.5 108357.63,573752.54 108311.67,573752.65 108309.17,573754.05 108309.05,573755.75 108308.7,573757.7 108308.25,573758.2 108308.15,573761.25 108307.35,573764.2 108306.15,573767.6 108304.85,573768.6 108304.35,573769.3 108304.31,573785.35 108303.45,573788.101 108301.042,573808.008 108293.286,573806.866 108279.474,573804.564 108252.097,573803.029 108232.937,573802.61 108227.4,573801.61 108215.98,573800.13 108199.09,573799.861 108196.013,573799.45 108191.32,573799.28 108189.29,573799.27 108189.23,573798.58 108181.93,573798.57 108181.78,573797.95 108176.08,573797.94 108175.92,573797.31 108167.24,573796.87 108161.14,573804.6 108161.0,573804.68 108161.0,573807.18 108160.95,573812.5 108160.85,573820.8 108160.75,573822.8 108160.75,573824.7 108160.95,573824.9 108160.95,573832.55 108161.7,573836.78 108162.11,573847.35 108162.869,573857.957 108163.941,573858.805 108160.135,573858.773 108160.142,573858.447 108160.209,573858.456 108160.125,573859.606 108149.904,573862.413 108149.187,573864.434 108148.67,573862.65 108140.062,573860.861 108131.435,573861.339 108131.16,573865.283 108128.887),(573754.43 108095.457,573754.441 108095.429,573754.466 108095.412,573754.492 108095.411,573754.86 108095.569,573758.537 108095.403,573756.301 108086.258,573756.303 108086.232,573756.326 108086.206,573775.438 108081.551,573775.464 108081.552,573775.492 108081.572,573786.449 108126.368,573786.447 108126.396,573786.426 108126.423,573759.919 108131.639,573757.755 108131.078,573756.118 108129.848,573755.114 108127.699,573754.8 108119.371,573754.43 108095.457)),((573786.4 108126.38,573785.8 108123.9,573784.85 108120.01,573783.537 108114.639,573782.86 108111.87,573775.45 108081.6,573757.03 108086.08,573756.62 108086.18,573756.35 108086.25,573758.6 108095.45,573754.85 108095.62,573754.48 108095.46,573754.57 108107.37,573754.85 108119.37,573755.16 108127.68,573756.15 108129.81,573757.77 108131.03,573759.91 108131.59,573765.11 108130.56,573765.57 108130.47,573771.2 108129.35,573782.6 108127.12,573782.78 108127.09,573786.4 108126.38)))","65",RDCBLR0052,http://opendatacommunities.org/id/district-council/rother,RDCBLR0052,Bexhill Leisure Centre and Adjacent land,https://www.rother.gov.uk/wp-content/uploads/2020/12/brownfieldlandregister_siteplans_2020.pdf,50.846982,0.467324,2.30,mixed ownership,pending decision,,,http://planweb01.rother.gov.uk/OcellaWeb/planningDetails?reference=RR/2019/430/P&from=planningSearch|http://planweb01.rother.gov.uk/OcellaWeb/planningDetails?reference=RR/2014/612/P&from=planningSearch|http://planweb01.rother.gov.uk/OcellaWeb/planningDeta,yes,"52",,,"RR/2019/430/P - Outline: Mixed use development comprising a leisure centre (D2 Use), ancillary car parking and up to 52 dwellings (C3 Use) including matters of access with all other matters reserved - The application site includes the leisure centre but e",01/10/2020,01/10/2020,,RR/2019/430/P
